dataset,model,eval_metrics/MSE[mean],eval_metrics/MSE[0.5],eval_metrics/MAE[0.5],eval_metrics/MASE[0.5],eval_metrics/MAPE[0.5],eval_metrics/sMAPE[0.5],eval_metrics/MSIS,eval_metrics/RMSE[mean],eval_metrics/NRMSE[mean],eval_metrics/ND[0.5],eval_metrics/mean_weighted_sum_quantile_loss,domain,num_variates
us_births/M/short,Lingjiang2.0,36882448.0,36882448.0,5067.893229166667,0.571944967647983,0.01560621460278829,0.01576652425853662,4.1100784007316635,6073.0921283971975,0.018862982744982656,0.01574084181733214,0.01193036696173458,Healthcare,1
ett1/W/short,Lingjiang2.0,1230790.5714285714,1230790.5714285714,890.9391741071429,1.5628403184578257,0.6108051027570452,0.5672677342563905,9.117168972427937,1109.410010513954,0.44146072230310107,0.3545259620897576,0.2642955481871374,Energy,7
ett2/W/short,Lingjiang2.0,3151768.8571428573,3151768.8571428573,1175.164341517857,0.7544547300923323,0.11580081496919904,0.12101215210846529,9.234816549694699,1775.3221840395217,0.1489222860084154,0.0985782534278958,0.08498356643730437,Energy,7
saugeen/M/short,Lingjiang2.0,389.30003720238096,389.30003720238096,12.306893484933036,0.7211346267603138,0.34458153588431223,0.3508215065475036,4.777519876303334,19.730687702216084,0.5923744363292466,0.3694898627523492,0.28818795555530197,Nature,1
us_births/W/short,Lingjiang2.0,2293179.4285714286,2293179.4285714286,1165.2059151785713,1.0593365054080406,0.015796495335442678,0.01581170357682332,6.501732420647967,1514.324743432342,0.020556809905851063,0.01581755604495232,0.012424725788327417,Healthcare,1
bizitobs_application/10S/long,Lingjiang2.0,5482422.613333333,5482422.613333333,1421.1340277777779,3.1033943845425593,0.04504692925347222,0.045931452678591736,44.27989213184984,2341.457369531492,0.09030065167024828,0.05480745901633725,0.048082362975748194,Web/CloudOps,2
ett1/D/short,Lingjiang2.0,41841.04761904762,41841.04761904762,136.48258928571428,1.6602048527607867,1.417672584170387,0.4620278354474538,10.420704998155628,204.55084360385223,0.5372595757463192,0.35847604793266696,0.2745530597587668,Energy,7
ett2/D/short,Lingjiang2.0,102645.89841269841,102645.89841269841,192.26070188492062,1.2635860377684542,0.4127264113653274,0.13026476189127306,12.595791226647483,320.3839858867768,0.18336418734708643,0.11003585982093227,0.09098108101520759,Energy,7
bizitobs_l2c/H/medium,Lingjiang2.0,70.42322358630952,70.42322358630952,4.754165794735863,0.4816511700002746,0.48430700533248905,0.7351850277502242,3.380311769996727,8.391854597543354,0.5081395423764113,0.28787196003442067,0.22841010152323823,Web/CloudOps,7
bizitobs_l2c/H/long,Lingjiang2.0,77.21705729166666,77.21705729166666,5.159069630456349,0.5525217396510879,0.6350404895102054,0.7601337116197664,4.371574711461419,8.78732367058746,0.536755091577402,0.3151308630201696,0.25211098471087084,Web/CloudOps,7
jena_weather/D/short,Lingjiang2.0,386.99593253968254,386.99593253968254,10.017761036706348,1.0763700592260192,0.7285411337708863,0.44919947132437277,6.785209536765465,19.67221219232048,0.11845887013772796,0.06032329471218507,0.047192920998081825,Nature,21
solar/W/short,Lingjiang2.0,2126607.9489051094,2126607.9489051094,1183.3509566035584,1.300774211487517,0.272230433721612,0.2291228650918632,6.724678030597494,1458.289391343539,0.2976733238073482,0.24155151547680975,0.17491261444859227,Energy,1
bizitobs_application/10S/medium,Lingjiang2.0,3269135.5733333332,3269135.5733333332,1002.6394791666667,2.2527521118962985,0.032394514083862305,0.03296548272726722,22.678127359217147,1808.0751016850304,0.07099778776018471,0.03937070140256691,0.03339720536797288,Web/CloudOps,2
saugeen/W/short,Lingjiang2.0,920.1365234375,920.1365234375,14.702850341796875,1.19274733439246,0.37141757011413573,0.38429407626371914,9.72711412423119,30.333752214942024,0.915649533891279,0.4438177633595887,0.3537399908183605,Nature,1
m_dense/D/short,Lingjiang2.0,7589.212962962963,7589.212962962963,41.988689236111114,0.6366859647364396,0.11739976570463075,0.09245120737731698,7.036832454982685,87.11608900176226,0.1508108301762044,0.07268862909560228,0.06053945219369239,Transport,1
m4_weekly/W/short,Lingjiang2.0,244822.17270194986,244822.17270194986,245.5501208619027,1.8928943259055333,0.058599706224335676,0.0585493975123812,13.792442580640662,494.795081525625,0.09014398836908356,0.044735422936608316,0.03583761781971092,Econ/Fin,1
covid_deaths/D/short,Lingjiang2.0,299115.4581766917,299115.4581766917,100.15395055020363,34.72096137289032,0.08971738299473392,0.12576344805458414,496.3499368281726,546.9144889072621,0.20577922834090856,0.03768340952292653,0.03282616877370992,Healthcare,1
bizitobs_l2c/H/short,Lingjiang2.0,46.52143012152778,46.52143012152778,4.135027204241071,0.40778177546203764,0.3944532362391337,0.5210741029422478,2.4141400777656146,6.8206620002407226,0.3676511882288077,0.2228885795754166,0.17262180497300753,Web/CloudOps,7
solar/D/short,Lingjiang2.0,122807.301216545,122807.301216545,249.68851315389296,0.9741223857285908,1.0557428513130132,0.42577952048692297,5.580095597033487,350.4387267648155,0.5062646270163573,0.36071487631833277,0.2723952629593728,Energy,1
us_births/D/short,Lingjiang2.0,159991.44,159991.44,229.64854166666666,0.33822784525036304,0.02226072629292806,0.021821958189347287,3.458330728313421,399.9892998568837,0.037495751135625165,0.02152768729081889,0.017614533037190676,Healthcare,1
restaurant/D/short,Lingjiang2.0,138.6967079801765,138.6967079801765,7.070547953076843,0.6785244825547208,0.6693384953102746,0.3910480073843809,4.633315947233583,11.77695665187643,0.5420028320537504,0.3254029990956026,0.2546506773970511,Sales,1
hospital/M/short,Lingjiang2.0,2718.5001086484135,2718.5001086484135,17.82544253008203,0.7549030634142774,0.19027058760117885,0.1714691109485743,5.066530908960034,52.13923770682128,0.18927754034554378,0.06471049570453088,0.05111077027270526,Healthcare,1
hierarchical_sales/W/short,Lingjiang2.0,444.2866438526218,444.2866438526218,8.92596403218932,0.7185627388566798,0.5358861653999949,0.45704176821895126,6.58816742321077,21.078108165882007,0.967706255965208,0.40979537473156313,0.3432666926059704,Sales,1
bizitobs_application/10S/short,Lingjiang2.0,347647.9288888889,347647.9288888889,315.75805555555553,0.9910573393095649,0.014001066419813368,0.014101850807202191,7.181646712737877,589.6167644232047,0.022739161838240995,0.012177526081759241,0.009507545651564446,Web/CloudOps,2
sz_taxi/H/short,Lingjiang2.0,7.038169926048344,7.038169926048344,1.8267208001552484,0.5564977973530228,1.0066243848230085,0.29290893643272586,3.8968533523759854,2.652954942332859,0.2471391239655483,0.17017031502352997,0.13398941553885016,Transport,1
kdd_cup_2018/D/short,Lingjiang2.0,2897.159710793603,2897.159710793603,21.06252532478057,1.188338835372033,0.5132515972793653,0.4628131052359224,9.146401768618599,53.82527018783652,1.205743224592235,0.47182293956966603,0.3740115792264922,Nature,1
saugeen/D/short,Lingjiang2.0,1129.1205208333333,1129.1205208333333,12.444625651041667,2.7649042193113123,0.27564407348632813,0.3180494878926871,26.7925138419951,33.60238861797377,1.0883893736233534,0.40308438996117707,0.32845207585365094,Nature,1
ett1/H/long,Lingjiang2.0,158.6074074074074,158.6074074074074,7.764748677248678,1.419189844159942,4152729705874.5156,0.4885663054152855,8.692872048061782,12.593943282681854,0.6030966672202103,0.37183699687537425,0.2771831648916216,Energy,7
ett2/H/long,Lingjiang2.0,219.86369047619047,219.86369047619047,8.89681712962963,0.9852723191325636,0.1748044101230953,0.16636169609490112,8.481275337969018,14.827801269108999,0.20305532606175566,0.12183506309410583,0.10033121125512205,Energy,7
loop_seattle/D/short,Lingjiang2.0,18.567769343294472,18.567769343294472,2.890228539182429,0.871381720161931,0.053570353566554554,0.053375372671536685,7.425266153531883,4.30903345813124,0.07700818318749171,0.051652244282086104,0.0422281542708992,Transport,1
m4_hourly/H/short,Lingjiang2.0,681261.13899418,681322.2839217163,173.60008261399568,0.7323367241691768,0.09931846805240797,0.08358908634408904,5.745145694701251,825.3854487414834,0.11268334721858775,0.02370024625003451,0.01980595523535564,Econ/Fin,1
jena_weather/H/medium,Lingjiang2.0,1292.4619047619049,1292.4619047619049,10.13466331845238,0.7641057670319004,2.2031257075258104,0.5047528113771788,5.986693825408947,35.95082620416261,0.2199894648401667,0.062015797553588894,0.050052820592935414,Nature,21
jena_weather/H/long,Lingjiang2.0,1211.308597883598,1211.308597883598,10.686501736111111,0.8373323361471015,2.0170535669319096,0.4980056011057267,6.251091421128156,34.80385895103584,0.20955781183664,0.06434458670684987,0.05252479898625452,Nature,21
bizitobs_service/10S/long,Lingjiang2.0,127681.12423280423,127681.12423280423,74.53595238095238,1.2773548061824245,0.07887424045138888,0.0774419208932849,15.482390659306128,357.32495607332584,0.2647177508508341,0.05521861637831318,0.049508623047923445,Web/CloudOps,2
electricity/W/short,Lingjiang2.0,44208017903.74054,44208017903.74054,28215.467778716215,1.439661010557377,0.1638555374757722,0.09293946522873575,11.252491408104603,210257.02819107033,0.47973715303888714,0.06437838630307745,0.05125619082108737,Energy,1
ett1/H/medium,Lingjiang2.0,139.90244605654763,139.90244605654763,7.200843447730655,1.3008858397029852,3289575822519.252,0.45377999634493266,8.265042996531689,11.828036441292682,0.56653490727643,0.344903331607112,0.26033375239337014,Energy,7
ett2/H/medium,Lingjiang2.0,218.38431919642858,218.38431919642858,9.006184895833334,0.9880525782216976,0.1687932495493127,0.16145481300320605,7.814535276687932,14.777832019495571,0.19914077725155227,0.12136412552676043,0.09863749095039352,Energy,7
sz_taxi/15T/medium,Lingjiang2.0,16.27636927417201,16.27636927417201,2.7544775807959403,0.537214324295244,9605027054492.81,0.40518577105306114,3.924986344030775,4.034398254284276,0.3754680685674595,0.2563500953520257,0.20252886494426234,Transport,1
sz_taxi/15T/long,Lingjiang2.0,15.396259292646011,15.396259292646011,2.6870925425124645,0.5066897334346648,5896907578360.858,0.3975921536125568,4.08343358888987,3.9238067348744394,0.36318052442531745,0.2487124735515968,0.19864203768150662,Transport,1
car_parts/M/short,Lingjiang2.0,1.3585576296517838,1.3585576296517838,0.47268638754011355,0.8537295375189183,0.7748765217983327,1.8384261044675894,14.361647892887296,1.165571803730591,2.79492162047791,1.1334534689437512,0.9598967568024077,Sales,1
bizitobs_l2c/5T/long,Lingjiang2.0,74.47082341269841,74.47082341269841,5.215597098214285,0.5088219860655288,0.4143959651600161,0.6591419936769339,3.1315754361463752,8.629647930981797,0.4845418299777955,0.2928479797330634,0.22099540070032414,Web/CloudOps,7
bizitobs_service/10S/medium,Lingjiang2.0,11115.053968253967,11115.053968253967,33.538955853174606,0.9782758513708723,0.06621634347098214,0.06302884921091703,8.296639193332494,105.42795629364143,0.07934755484877268,0.025242205508737927,0.019396008900139337,Web/CloudOps,2
bizitobs_l2c/5T/medium,Lingjiang2.0,70.91288265306123,70.91288265306123,4.9376328656462585,0.478413112217114,0.3380926052952675,0.5683093357830997,3.0460856699848673,8.42097872299065,0.44306731668438454,0.25979209976884593,0.19788674289354524,Web/CloudOps,7
ett1/15T/long,Lingjiang2.0,7.752909846230159,7.752909846230159,1.506918247767857,0.9767686597827572,0.7061057687528579,0.38565335668584655,6.813808031915767,2.7844047561786267,0.5307102995873254,0.2872201079788637,0.22155834161241292,Energy,7
ett2/15T/long,Lingjiang2.0,11.352183779761905,11.352183779761905,2.153676525297619,0.8988971767113391,0.13531712233154133,0.16566292439120714,7.163485719646581,3.369300191399084,0.17955609420914345,0.11477331288542222,0.09288656575869236,Energy,7
m4_daily/D/short,Lingjiang2.0,353409.4543031194,353409.4543031194,171.86127927872266,3.2193449737189797,0.037355583042390825,0.029871559246286206,25.254628289508858,594.4825096696449,0.09183111807788777,0.02654781793198834,0.020930148931253313,Econ/Fin,1
m_dense/H/long,Lingjiang2.0,27579.995061728394,27579.995061728394,71.72405478395062,0.6279436422423911,0.23230376170218117,0.17816904472953252,6.028620423071368,166.0722585555107,0.2874956448645442,0.12416494820848899,0.10183196990229074,Transport,1
ett1/15T/medium,Lingjiang2.0,8.635264756944444,8.635264756944444,1.5359798177083333,0.9714005600150469,0.6949284683840633,0.38066544128398827,6.503081354431044,2.9385820997454615,0.5600965875205626,0.29275923734559317,0.22280159320748505,Energy,7
ett2/15T/medium,Lingjiang2.0,11.005381944444444,11.005381944444444,2.0618453931051586,0.856225722363293,0.12871116973840666,0.15771872913219748,6.691713630855528,3.3174360497897233,0.1767921604045335,0.10987946594789695,0.08825548079667384,Energy,7
hierarchical_sales/D/short,Lingjiang2.0,28.96291303062991,28.96291303062991,2.3170260381678895,0.7467688554757546,0.6360141702665839,1.0288385342038038,6.922943735044157,5.381720266850546,1.6510521789130452,0.7108379289944229,0.5730189465626275,Sales,1
bitbrains_rnd/H/short,Lingjiang2.0,1921660.0610374664,1921660.0610374664,149.42006131851795,5.818826273816774,1.2030019080780319,0.45043359751621853,195.02901837556269,1386.239539559259,6.066862547993271,0.6539353034327609,0.6197398259799788,Web/CloudOps,2
m_dense/H/medium,Lingjiang2.0,30629.751111111113,30629.751111111113,72.27587456597222,0.6335814351894942,0.23692627888790416,0.1796100365915966,6.528869329032995,175.01357407673015,0.3045015174755561,0.12575089445669288,0.10392543617021205,Transport,1
bizitobs_l2c/5T/short,Lingjiang2.0,13.506439499627977,13.506439499627977,2.2045333135695686,0.22315685836372814,0.1217102976415003,0.1608279648545966,1.5156796879945262,3.675110814605184,0.12621818109948207,0.0757125972654127,0.06027499701723298,Web/CloudOps,7
ett1/15T/short,Lingjiang2.0,4.618162609281994,4.618162609281994,1.042431640625,0.6639260625632977,0.46725549294595,0.22788698929958293,4.484902541166646,2.1489910677529567,0.40624871925354394,0.19706294980373548,0.15152605413694747,Energy,7
ett1/H/short,Lingjiang2.0,89.6397693452381,89.6397693452381,4.783209228515625,0.7970066145432823,0.4483343578520275,0.2562538618747732,5.533499821972531,9.467828121868187,0.4419022729367617,0.22325194361429454,0.17230419158304172,Energy,7
ett2/15T/short,Lingjiang2.0,6.915388416108631,6.915388416108631,1.6449491954985118,0.7152692860808795,0.10223462296912696,0.12201291023182416,4.794457804284193,2.6297126109346305,0.12484181272767375,0.07809159014451243,0.06072194872011078,Energy,7
ett2/H/short,Lingjiang2.0,99.07930617559524,99.07930617559524,6.156202334449405,0.7206639131697918,0.11952259281492211,0.10888887718245649,5.060385933171734,9.953858858532968,0.12624262597640318,0.07807777463879961,0.06173826995174633,Energy,7
solar/H/medium,Lingjiang2.0,331.2830691149635,329.53361846107055,8.691889719719434,0.6675425528973337,2.7264250832602106,1.3853752207845398,4.587542596176138,18.201183178984916,0.6556490942646888,0.3131021519942986,0.25035881157966966,Energy,1
solar/H/long,Lingjiang2.0,700.8122110705596,700.8122110705596,11.91995371426399,0.9074256000975971,7.289002421649345,0.8592703488467838,5.357007836890149,26.472858007222406,0.9178623635905102,0.4132865777876686,0.31346656993952615,Energy,1
jena_weather/10T/long,Lingjiang2.0,1399.1746031746031,1399.1746031746031,9.934978505291005,0.7291148764532503,1.150405389551432,0.5330528909121806,5.352589688579271,37.40554241251694,0.22889092800544095,0.06079383703921946,0.04954004240830981,Nature,21
electricity/D/short,Lingjiang2.0,1212746648.3545947,1212746648.3545947,4106.934967342342,1.3570487959466908,0.2566744435396258,0.08722662328889583,10.894104885060743,34824.51217683594,0.5722823913265984,0.0674905811228235,0.053140561632460975,Energy,1
sz_taxi/15T/short,Lingjiang2.0,16.570250328352746,16.570250328352746,2.7173792067028226,0.5420568587903707,1092232323564.1495,0.39184954355324225,3.8234812820011777,4.070657235429279,0.380623878564078,0.2540865893061447,0.1995594611089221,Transport,1
jena_weather/H/short,Lingjiang2.0,1075.9018379281538,1075.9018379281538,8.14193850511696,0.5084062783086932,1.230677002201488,0.4617984308943558,4.436250864374004,32.80094263779859,0.20106768283857734,0.04990956287797492,0.04063861004933792,Nature,21
jena_weather/10T/medium,Lingjiang2.0,1376.5088023088024,1376.5088023088024,9.192114786255411,0.61010522627279,0.9435254648168541,0.49889190799817673,5.111539366465276,37.101331543609085,0.22769021221933464,0.05641184505647485,0.04594846874971562,Nature,21
m4_yearly/A/short,Lingjiang2.0,3486197.414860277,3486197.414860277,862.3462261630448,3.1698229433093985,0.16388679341505263,0.14531614454166192,34.7001607194244,1867.1361532733163,0.2994039354279292,0.1382812139125476,0.11402960886125363,Econ/Fin,1
m4_quarterly/Q/short,Lingjiang2.0,1755569.166888021,1755569.166888021,553.1251516723632,1.163612860312415,0.11212814504901568,0.10107442118011771,8.97289382924479,1324.9789307336252,0.22177814066650087,0.09258341008173727,0.0740905219038759,Econ/Fin,1
bitbrains_fast_storage/H/short,Lingjiang2.0,2684644.4209786733,2684644.4209786733,307.8836564125303,0.9469397243438167,3.805637189322276,0.44805145246843797,18.97660912090763,1638.4884561627748,4.670224329527172,0.8775684304844059,0.654740203287633,Web/CloudOps,2
kdd_cup_2018/H/medium,Lingjiang2.0,5165.144287011887,5165.144287011887,24.82513113336083,1.017667172618606,0.8894960817153138,0.5459238405637432,8.472846824608462,71.86893826272855,1.5043470428677959,0.5196349565197929,0.4166381495629801,Nature,1
kdd_cup_2018/H/long,Lingjiang2.0,3929.618497372291,3929.618497372291,23.048695464785183,0.9795137210841107,1.0172662310415994,0.5870753303860046,7.478266604086531,62.68666921580928,1.4708825826506933,0.5408155375947562,0.4281019340603349,Nature,1
bizitobs_service/10S/short,Lingjiang2.0,1980.5620105820105,1980.5620105820105,17.974443411044973,0.7090585215599291,0.0561326163155692,0.04869041378493478,5.447944526435375,44.503505598795364,0.0329696187196565,0.013316041915948205,0.010374043169864948,Web/CloudOps,2
loop_seattle/H/medium,Lingjiang2.0,55.00512909470943,55.00512909470943,3.964042473036192,0.814843643882634,0.10925002007046475,0.09066252703242003,6.91395009519404,7.416544282528719,0.13108659107750634,0.07006400755954094,0.05657521803601356,Transport,1
loop_seattle/H/long,Lingjiang2.0,55.89920988971932,55.89920988971932,4.007697992419967,0.8400105784626006,0.11924857640537069,0.09292045610404442,7.1912577291382815,7.476577418158614,0.1336164269988997,0.07162291731738729,0.05775475200762559,Transport,1
jena_weather/10T/short,Lingjiang2.0,755.182738095238,755.182738095238,5.122557431175595,0.2518046581544463,0.3340617194163519,0.3542822460268946,2.089814482219528,27.480588386991244,0.17068890903971382,0.031817504309134347,0.026003477090739652,Nature,21
m_dense/H/short,Lingjiang2.0,37626.71708333334,37626.71708333334,79.70968614366319,0.7045907789338498,0.260322695820495,0.19204204434992722,6.79133945338376,193.9760734815852,0.34406525172705804,0.14138513444395423,0.11574341563361694,Transport,1
m4_monthly/M/short,Lingjiang2.0,1848777.5255839122,1848777.5255839122,559.7938484157986,0.9315337266786567,0.15952746422864772,0.13743602179177253,7.54410116793459,1359.6975860771072,0.28259183562586815,0.11634437893818436,0.09259481285667875,Econ/Fin,1
solar/10T/long,Lingjiang2.0,5.771238293922344,5.833499454891208,0.9698835535351087,0.4178124913761626,1.3352421473709561,1.3985734176301332,2.933833291915352,2.4023401703177556,0.5192274029230507,0.20962481702714258,0.16674129419785946,Energy,1
bitbrains_rnd/5T/medium,Lingjiang2.0,2343465.8687110194,2343465.8687110194,153.78060187765365,4.3673191869920265,0.7622634823760828,0.5824677181389676,158.7318977535121,1530.8382895364944,6.441017152845511,0.6470333942122504,0.6237784867672268,Web/CloudOps,2
bitbrains_rnd/5T/long,Lingjiang2.0,2666927.278898152,2666927.278898152,193.269674534296,3.2978898471052216,2.2351203006222766,0.5664194480889214,114.86314185010099,1633.0729557794264,6.255934609656698,0.7403725850931885,0.6392292727782722,Web/CloudOps,2
solar/H/short,Lingjiang2.0,403.37118679168265,407.9890310859265,8.668659371898611,0.6708534068341161,3.1436297753327946,1.3852131575554008,5.951695333598327,20.084102837609716,0.7403067180056134,0.319529670854973,0.26309399414541346,Energy,1
solar/10T/medium,Lingjiang2.0,7.306093741359765,7.447169286385756,1.1025766934211527,0.4762228666624053,1.5474431398230315,1.410526097766379,3.508836804009879,2.7029786794127264,0.5998017005261828,0.24466614580113114,0.1963969044117253,Energy,1
electricity/H/long,Lingjiang2.0,6147726.622072072,6147726.622072072,245.6601676051051,1.0900498739619864,0.2779896718910923,0.12391359654694306,8.586579398700405,2479.4609539317353,0.9778986697667998,0.09688829773051365,0.07657966221504417,Energy,1
solar/10T/short,Lingjiang2.0,7.974989515615496,8.142247024127746,1.0961988565115452,0.4628018937507818,1.9131572384550923,1.4584945166411207,3.6284917141759436,2.824002392990398,0.8215019734432967,0.3188841221047724,0.2561510105333189,Energy,1
bitbrains_fast_storage/5T/medium,Lingjiang2.0,3038122.5129636372,3038122.5129636372,294.92477292104934,0.9664868866519092,4.431177196405483,0.6944123926507083,20.372876278339444,1743.0210879285532,5.295779386374962,0.8960629012370449,0.6437193033032895,Web/CloudOps,2
bitbrains_fast_storage/5T/long,Lingjiang2.0,4538545.880746016,4538545.880746016,403.01418060551094,0.8813377630286217,5.086831211972779,0.6995761400479849,14.650959173238897,2130.386321948678,5.629974869701571,1.0650461306318213,0.7166348499519555,Web/CloudOps,2
electricity/H/medium,Lingjiang2.0,4776958.613586712,4776958.615748874,225.72879231770833,1.0080264150058653,0.22788515932932943,0.11973724562303187,7.991644583469532,2185.6254513495014,0.8531216206110306,0.08810938443352696,0.07006731505022684,Energy,1
kdd_cup_2018/H/short,Lingjiang2.0,4255.878738048119,4255.878738048119,21.627728481163583,0.9023148406912344,0.8053841028257992,0.4813374567611915,7.403160582575944,65.23709633366677,1.3655305729647709,0.45270752569606015,0.36451455977771574,Nature,1
loop_seattle/H/short,Lingjiang2.0,52.027905892706805,52.027905892706805,3.799142959459634,0.772934041609961,0.10299051990916175,0.08748546535479788,6.845120019066605,7.213037216922342,0.1276780936540993,0.06724869371881151,0.05440856222182574,Transport,1
loop_seattle/5T/long,Lingjiang2.0,72.37947372004358,72.37947372004358,4.7328733109197625,0.7513487279601633,0.14000252580987166,0.10777113320064653,5.722004901503243,8.507612692174202,0.15041634164000203,0.08367817325875719,0.06623133491113821,Transport,1
temperature_rain/D/short,Lingjiang2.0,183.35627668482365,183.35627668482365,5.794201438158385,1.3443895894140985,21.312094427716882,1.457623968887381,19.138974907438822,13.5409112206241,1.5941232608593525,0.6821307030360455,0.5500205823342674,Nature,1
loop_seattle/5T/short,Lingjiang2.0,42.47966498816837,42.47966498816837,3.490387377035261,0.5516908848767043,0.08973316779692722,0.07475694997484293,4.060346211730218,6.517642594387051,0.11176318062408079,0.05985243732197776,0.04713977494436558,Transport,1
loop_seattle/5T/medium,Lingjiang2.0,60.826635152621904,60.826635152621904,4.4226972802381646,0.7057852677795906,0.13328776061350348,0.10159755792349949,5.131862733546371,7.7991432319596425,0.13876278417479898,0.07868887259991464,0.06190122449373498,Transport,1
electricity/15T/short,Lingjiang2.0,134228.50923197978,134228.50923197978,51.05229705810547,0.973281698842147,0.16248370661031594,0.14081345786840674,10.502675384320089,366.37209122964015,0.7221916192603882,0.10063414207018816,0.08374134145736525,Energy,1
electricity/15T/medium,Lingjiang2.0,240924.27863185352,240924.27863185352,52.0994556389886,0.8105740313658215,0.12333894990658124,0.11314781823835068,7.076867393068454,490.8403799931843,0.845767395986288,0.08977260780521436,0.07243902407143077,Energy,1
electricity/15T/long,Lingjiang2.0,311380.9165545233,311380.9165545233,57.10935569016282,0.8575470947541263,0.12715625475738834,0.11578994491159623,7.157105494284088,558.0151579970953,0.8803373449771001,0.09009701231430077,0.07238908607782135,Energy,1
electricity/H/short,Lingjiang2.0,1292764.2985583826,1292764.3070831574,154.8678640004751,0.864964896974027,0.1497516233777907,0.11466652246165321,9.150092068326918,1136.9979325215954,0.5367442204237807,0.07310869136523455,0.05995839677661411,Energy,1
bitbrains_rnd/5T/short,Lingjiang2.0,1607549.5051609718,1607549.5051609718,117.18126465454476,1.68436884394278,0.966808454120103,0.46445001821986726,53.256480983191345,1267.8917560899952,5.187847062532879,0.479471908151454,0.3823719944377664,Web/CloudOps,2
bitbrains_fast_storage/5T/short,Lingjiang2.0,1805112.5496714,1805112.5496714,157.0498583347267,0.6967286189826492,2.0006874363997738,0.4732637908070458,12.538960866566654,1343.544770251963,4.218398284262365,0.4930977125671937,0.38613777248301945,Web/CloudOps,2
